<?xml version="1.0" encoding="UTF-8"?>
<beans xmlns="http://www.springframework.org/schema/beans"
       xmlns:xsi="http://www.w3.org/2001/XMLSchema-instance"
       xmlns:util="http://www.springframework.org/schema/util"
       xsi:schemaLocation="http://www.springframework.org/schema/beans
            http://www.springframework.org/schema/beans/spring-beans-3.2.xsd
            http://www.springframework.org/schema/util http://www.springframework.org/schema/util/spring-util-2.0.xsd">

    <bean id="memberInfoSoap"
          class="com.lenovo.m2.buy.smbmiddleware.remote.cxf.member.MemberInfoSoap"
          factory-bean="memberInfo" factory-method="create"></bean>
    <bean id="memberInfo" class="org.apache.cxf.jaxws.JaxWsProxyFactoryBean">
        <property name="serviceClass"
                  value="com.lenovo.m2.buy.smbmiddleware.remote.cxf.member.MemberInfoSoap"/>
        <property name="address" value="${smb.ws.memberinfo}"/>
    </bean>
    <bean id="goodsAndPricelistSoap" class="com.lenovo.m2.buy.smbmiddleware.remote.cxf.pricelist.GoodsAndPricelistSoap"
          factory-bean="goodsAndPricelist" factory-method="create"></bean>
    <bean id="goodsAndPricelist" class="org.apache.cxf.jaxws.JaxWsProxyFactoryBean">
        <property name="serviceClass"
                  value="com.lenovo.m2.buy.smbmiddleware.remote.cxf.pricelist.GoodsAndPricelistSoap"/>
        <property name="address" value="${smb.ws.pricelist}"/>
    </bean>
</beans>
