<?xml version="1.0" encoding="UTF-8" ?>
<!DOCTYPE log4j:configuration SYSTEM "log4j.dtd">

<log4j:configuration xmlns:log4j="http://jakarta.apache.org/log4j/">

    <appender name="CONSOLE" class="org.apache.log4j.ConsoleAppender">
        <layout class="org.apache.log4j.PatternLayout">
            <param name="ConversionPattern"
                value="[%d{yyyy-MM-dd HH:mm:ss} %-5p] projectName : smb-middleware %X{elk_leId} %X{elk_lenovoId} %X{elk_requestId} %X{ip} [%t] (%c) -%m%n"/>
        </layout>
    </appender>
    
    <appender name="main" class="org.apache.log4j.DailyRollingFileAppender">       
        <param name="File" value="/data/logs/resin/smb-middleware.log" />         
        <param name="DatePattern" value="'.'yyyy-MM-dd'.log'" />         
        <layout class="org.apache.log4j.PatternLayout">       
         <param name="ConversionPattern"         
            value="[%d{yyyy-MM-dd HH:mm:ss} %-5p] projectName : smb-middleware %X{elk_leId} %X{elk_lenovoId} %X{elk_requestId} %X{ip} [%t] (%c) -%m%n" />       
        </layout>         
    </appender>      

    <logger name="org.apache">
        <level value="INFO"/>
    </logger>

    <logger name="org.apache.velocity">
        <level value="WARN"/>
    </logger>

    <logger name="org.dbunit">
        <level value="WARN"/>
    </logger>

    <logger name="org.springframework">
        <level value="WARN"/>
    </logger>
    
	<logger name="org.springframework.jdbc.datasource">
        <level value="DEBUG"/>
    </logger>

    <logger name="java.sql">
        <level value="WARN"/>
    </logger>

    <logger name="com.lenovo.m2.arch.framework.web.filter.TimerFilter">
        <level value="DEBUG"/>
    </logger>

    <logger name="com.lenovo.m2.arch.tool.aop.TimeHandler">
        <level value="DEBUG"/>
    </logger>
   
    <logger name="com.lenovo.m2.arch.demo">
        <level value="WARN"/>
    </logger>
                    
    <logger name="com.lenovo.m2.arch.framework.dao.mybatis">
        <level value="WRAN"/>
    </logger>

  <!-- 	<logger name="com.lenovo.m2.buy.smbmiddleware.job">
        <level value="INFO"/>
  		<appender-ref ref="main"/>
    </logger> -->

    <root>
        <level value="INFO"/>
        <appender-ref ref="main"/>
    </root>

</log4j:configuration>
